{
    "CLI_version": "6.1.3",
    "branch": "master",
    "conf": {
        "files": [
            "Certora/harness/PoolHarness.sol",
            "contracts/protocol/libraries/logic/LiquidationLogic.sol",
            "contracts/protocol/configuration/PoolAddressesProvider.sol",
            "Certora/harness/SymbolicPriceOracle.sol"
        ],
        "link": [
            "PoolHarness:_addressesProvider=PoolAddressesProvider"
        ],
        "msg": "priceOracelCounter - from new repo",
        "optimistic_loop": true,
        "parametric_contracts": [
            "PoolHarness"
        ],
        "process": "emv",
        "verify": "PoolHarness:Certora/specs/priceOracleCounter.spec"
    },
    "cwd_relative": ".",
    "dirty": false,
    "origin": "https://github.com/aave/aave-v3-core",
    "raw_args": [
        "/Library/Frameworks/Python.framework/Versions/3.12/bin/certoraRun",
        "certora/confs/priceOracleCounter.conf"
    ],
    "revision": "d66a5fdb5ab1cac2acd6cae2ea3290d18fba7407",
    "timestamp": "1706885377.082361"
}